-- Drop and recreate the database
-- DROP DATABASE IF EXISTS nift;
-- CREATE DATABASE nift;
-- USE nift;

-- 외래 키 제약 일시 해제
SET FOREIGN_KEY_CHECKS = 0;

-- 1단계: FK에 종속된 테이블부터 삭제
DELETE FROM likes WHERE 1=1;
DELETE FROM article_histories WHERE 1=1;
DELETE FROM used_histories WHERE 1=1;
DELETE FROM gift_histories WHERE 1=1;

-- 2단계: 중간 테이블
DELETE FROM articles WHERE 1=1;
DELETE FROM gifticons WHERE 1=1;
DELETE FROM sync_status WHERE 1=1;

-- 3단계: 최상위 테이블
DELETE FROM users WHERE 1=1;
DELETE FROM brands WHERE 1=1;
DELETE FROM categories WHERE 1=1;

-- 외래 키 다시 활성화
SET FOREIGN_KEY_CHECKS = 1;


-- 1. brands
INSERT INTO brands (brand_id, brand_name) VALUES
            (1, '이디야커피'),
            (2, '스타벅스'),
            (3, '던킨도너츠'),
            (4, '배스킨라빈스'),
            (5, '교촌치킨'),
            (6, '버거킹'),
            (7, '맥도날드'),
            (8, 'BBQ'),
            (9, '굽네치킨'),
            (10, '파리바게뜨'),
            (11, '뚜레쥬르'),
            (12, '이마트24'),
			(13, 'GS25'),
            (14, 'CU'),
            (15, '컬리'),
            (16, '신세계상품권'),
			(17, '교보문고'),
            (18, 'YES24'),
			(19, '투썸플레이스'),
			(20, 'CGV');

-- 2. categories
INSERT INTO categories (category_id, category_name) VALUES
        (1, '카페/음료'),(2, '베이커리/디저트'),(3, '아이스크림/빙수'),(4, '치킨'),
        (5, '버거/피자'),(6, '편의점/마트'),(7, '상품권/금액권'),(8, '영화/도서'),(9, '생활용품');

-- 3. users
INSERT INTO users (user_id, kakao_id, nick_name, wallet_address, profile_image, gender, age, role) VALUES
       (1, 3976389070, '영민', '0xa7B9A191107081f780E534502C1B2288cFB7cC03', 'http://img1.kakaocdn.net/thumb/R640x640.q70/?fname=http://t1.kakaocdn.net/account_images/default_profile.jpeg', 'female', '20~29', 0),
       (2, 3977733962, '김도원', '0x4ED78E0a67c2F984D4985D490aAA5bC36340263F', 'http://img1.kakaocdn.net/thumb/R640x640.q70/?fname=http://t1.kakaocdn.net/account_images/default_profile.jpeg', 'male', '20~29', 1),
       (3, 3977722266, '권유주', '0xc3c0Da7063617cA28e93A1cf0D53531c46A00AFd', 'http://k.kakaocdn.net/dn/czGA5m/btsLstCuIrI/fOphbzalRQZ0cumUvxzSsk/img_640x640.jpg', 'female', '20~29', 0),
       (4, 4006498484, '조원주', null, 'http://img1.kakaocdn.net/thumb/R640x640.q70/?fname=http://t1.kakaocdn.net/account_images/default_profile.jpeg', 'female', '20~29', 0),
       (5, 4100972657, '미서', '0xad241218a3C90a5c7bBd05F87DA4738676AF77b4', 'http://img1.kakaocdn.net/thumb/R640x640.q70/?fname=http://k.kakaocdn.net/dn/bbaJYy/btsLMVr5aKx/CalKUSbvMKHl7tnAnvlkk0/img_640x640.jpg', 'female', '20~29', 0),
       (6, 4001926433, '희진', '0xe911090F1ca13EE23f3C1eE964c5d4e323987e9f', 'http://k.kakaocdn.net/dn/SCVgq/btsMcgPB7HK/L5YqXujKoAFLlP7DcKBTck/img_640x640.jpg', 'female', '20~29', 0);

-- 4. gifticons
INSERT INTO gifticons (gifticon_id, gifticon_title, description, price, image_url, category_id, brand_id)
VALUES (1, '아메리카노', '시원한 커피 한 잔', 4.5, 'https://ipfs.io/ipfs/QmaYuJu59L3wkoSrvbw5v1qRX3TwuHK1qtcKAQqJs464Lg', 1, 1);
INSERT INTO gifticons (gifticon_id, gifticon_title, description, price, image_url, category_id, brand_id)
VALUES (2, '도넛', '달콤한 디저트', 5.0, 'https://ipfs.io/ipfs/QmZcSgdXcVcmDHLoLuWCasngf2EB6Wjc7zoqJ7Ln8FBaoV', 2, 3);
INSERT INTO gifticons (gifticon_id, gifticon_title, description, price, image_url, category_id, brand_id)
VALUES (3, '버거세트', '한 끼 식사로 충분', 7.5, 'https://ipfs.io/ipfs/QmeQdwdmjmVHGsvf7hGWMURQNiDJRHrezu4vv3if9YpFD1', 5, 6);
INSERT INTO gifticons (gifticon_id, gifticon_title, description, price, image_url, category_id, brand_id)
VALUES (4, '도시락', '편의점 도시락', 4.0, 'https://ipfs.io/ipfs/QmRmKs3bPP6RRDd6gqHfxpAN9RYqGyouPopAKXiY6559Zk', 6, 13);
INSERT INTO gifticons (gifticon_id, gifticon_title, description, price, image_url, category_id, brand_id)
VALUES (5, '치약', '모든 곳에서 사용 가능', 1.3, 'https://ipfs.io/ipfs/QmSS1Wuk4Bg9H3iRumcYmBXez3w5bAasJHnsX9VCCwnwQ8', 9, 14);
INSERT INTO gifticons (gifticon_id, gifticon_title, description, price, image_url, category_id, brand_id)
VALUES (6, '아메리카노 디저트 세트', '케이크랑 아이스아메리카노 두 잔 세트 상품입니다', 1.3, 'https://ipfs.io/ipfs/QmVZYAYHQ2WL8qcxYsrbGv9sQzu7Ej2nKUeToqn2twiaS1', 1, 2);
INSERT INTO gifticons (gifticon_id, gifticon_title, description, price, image_url, category_id, brand_id)
VALUES (7, '베스킨 라빈스 파인트', '파인트 기프티콘 싸게 팔아요', 2.4, 'https://ipfs.io/ipfs/Qma8pwbPD9mVGodivdPQiCRVZXKN7Yid3sUtvFXcUaErTA', 2, 4);
INSERT INTO gifticons (gifticon_id, gifticon_title, description, price, image_url, category_id, brand_id)
VALUES (8, '교촌 치킨 콤보', '반반 메뉴입니다', 3.6, 'https://ipfs.io/ipfs/QmRzseYdpSyArXTAQBbtaAerLiEQZfFyZjWYXqrgJ2xPfv', 4, 5);
INSERT INTO gifticons (gifticon_id, gifticon_title, description, price, image_url, category_id, brand_id)
VALUES (9, '맥날 기프티콘', '맥날 상하이 세트', 1.3, 'https://ipfs.io/ipfs/QmS9hQykA398uQKUJF3Frkp6L7N7DDT4hhEL4rnSg7RkL9', 5, 7);
INSERT INTO gifticons (gifticon_id, gifticon_title, description, price, image_url, category_id, brand_id)
VALUES (10, 'BBQ 레토르트', '맛있는 치킨입니다', 3.4, 'https://ipfs.io/ipfs/QmTkyg98n9LtVPjCq1Yqipud1jSCVBd1UH7aGcCgxZf4ZY', 4, 9);
INSERT INTO gifticons (gifticon_id, gifticon_title, description, price, image_url, category_id, brand_id)
VALUES (11, '굽네 치킨', '굽네 치킨이라구요', 2.2, 'https://ipfs.io/ipfs/QmTZr6XBCo6xZdAMCSy1TMv5HdngosczJEgpxksBRorDnC', 4, 9);
INSERT INTO gifticons (gifticon_id, gifticon_title, description, price, image_url, category_id, brand_id)
VALUES (12, '파리바게트 파운드 케이크', '맛있더라구요', 1.3, 'https://ipfs.io/ipfs/QmQTbdHf1zVfxog2UxjtWxfQ9yLAMeLzQCaPfY6AFDFq3y', 2, 10);
INSERT INTO gifticons (gifticon_id, gifticon_title, description, price, image_url, category_id, brand_id)
VALUES (13, '뚜레쥬르 케이크', '케이크 교환 가능', 2.4, 'https://ipfs.io/ipfs/Qmbh7co4MjxsXvJFeXwop65dxq76YRdFfd6uaVCBCtEez6', 2, 11);
INSERT INTO gifticons (gifticon_id, gifticon_title, description, price, image_url, category_id, brand_id)
VALUES (14, '교보문고 기프티콘', '10000원입니다', 3.2, 'https://ipfs.io/ipfs/QmVEejBTHzPDn8h7zG41KcGJcTST8Gd9tHgemZYqCCio5u', 8, 17);
INSERT INTO gifticons (gifticon_id, gifticon_title, description, price, image_url, category_id, brand_id)
VALUES (15, '스초생', '투썸 스초생 홀케이크! 진짜 맛있어요', 4.3, 'https://ipfs.io/ipfs/QmQ5uacfdTsX1itsbkmb3HndZV3oMRZMuuWThRG4WzGYMv', 2, 19);
INSERT INTO gifticons (gifticon_id, gifticon_title, description, price, image_url, category_id, brand_id)
VALUES (16, 'CGV 영화티켓', '영화티켓 싸게 팔아요', 3.8, 'https://ipfs.io/ipfs/QmUsR2Q7fhVBdE3qBuD1XAEvnD3cL5M3PyhzoSnoyCcDUD', 8, 20);


-- 5. articles
-- 5. articles
INSERT INTO articles (article_id, serial_num, title, description, user_id, expiration_date, image_url, count_likes, current_price, created_at, view_cnt, gifticon_id, state) VALUES
(1, 27053170385, '이디야 아메리카노 판매합니다. 상태 좋아요', '실사용 1도 없는 새상품입니다.', 4, '2025-07-29 01:23:27', 'https://ipfs.io/ipfs/QmaYuJu59L3wkoSrvbw5v1qRX3TwuHK1qtcKAQqJs464Lg', 1, 5.5, '2025-02-27 01:23:27', 0, 1, 'ON_SALE'),
(2, 22954609376, '이디야 아메리카노 싸게 넘깁니다', '필요하신 분께 저렴하게 양도합니다.', 4, '2025-08-16 01:23:27', 'https://ipfs.io/ipfs/QmaYuJu59L3wkoSrvbw5v1qRX3TwuHK1qtcKAQqJs464Lg', 5, 3.0, '2025-02-12 01:23:27', 0, 1, 'SOLD'),
(3, 40392701033, '이디야 아메리카노 정리합니다', '안 쓰는 기프티콘이라 판매해요.', 1, '2025-08-18 01:23:27', 'https://ipfs.io/ipfs/QmaYuJu59L3wkoSrvbw5v1qRX3TwuHK1qtcKAQqJs464Lg', 1, 3.6, '2025-03-28 01:23:27', 0, 1, 'ON_SALE'),
(4, 36997289843, '이디야 아메리카노 유통기한 넉넉해요', '안 쓰는 기프티콘이라 판매해요.', 3, '2025-05-26 01:23:27', 'https://ipfs.io/ipfs/QmaYuJu59L3wkoSrvbw5v1qRX3TwuHK1qtcKAQqJs464Lg', 5, 6.6, '2025-03-09 01:23:27', 0, 1, 'SOLD'),
(5, 66855179459, '이디야 아메리카노 중고나라보다 싸게!', '실사용 1도 없는 새상품입니다.', 2, '2025-05-24 01:23:27', 'https://ipfs.io/ipfs/QmaYuJu59L3wkoSrvbw5v1qRX3TwuHK1qtcKAQqJs464Lg', 1, 4.3, '2025-03-18 01:23:27', 0, 1, 'SOLD'),
(6, 22620153445, '던킨 도넛팩 유통기한 넉넉해요', '가격 네고 가능하니 연락 주세요!', 4, '2025-05-13 01:23:27', 'https://ipfs.io/ipfs/QmZcSgdXcVcmDHLoLuWCasngf2EB6Wjc7zoqJ7Ln8FBaoV', 5, 6.1, '2025-02-15 01:23:27', 0, 2, 'SOLD'),
(7, 38036847585, '던킨 도넛팩 선물 받았는데 안 써서 팝니다', '오늘 안에 가져가실 분만 연락 주세요!', 4, '2025-04-24 01:23:27', 'https://ipfs.io/ipfs/QmZcSgdXcVcmDHLoLuWCasngf2EB6Wjc7zoqJ7Ln8FBaoV', 3, 5.0, '2025-03-01 01:23:27', 0, 2, 'ON_SALE'),
(8, 51285868801, '던킨 도넛팩 싸게 넘깁니다', '필요하신 분께 저렴하게 양도합니다.', 2, '2025-07-07 01:23:27', 'https://ipfs.io/ipfs/QmZcSgdXcVcmDHLoLuWCasngf2EB6Wjc7zoqJ7Ln8FBaoV', 4, 5.6, '2025-03-27 01:23:27', 0, 2, 'SOLD'),
(9, 58935674824, '던킨 도넛팩 급처분합니다', '안 쓰는 기프티콘이라 판매해요.', 3, '2025-07-30 01:23:27', 'https://ipfs.io/ipfs/QmZcSgdXcVcmDHLoLuWCasngf2EB6Wjc7zoqJ7Ln8FBaoV', 3, 4.8, '2025-02-28 01:23:27', 0, 2, 'ON_SALE'),
(10, 77718476608, '던킨 도넛팩 저렴하게 넘겨요', '급해서 싸게 올립니다. 먼저 연락 주시는 분께 드려요.', 1, '2025-06-21 01:23:27', 'https://ipfs.io/ipfs/QmZcSgdXcVcmDHLoLuWCasngf2EB6Wjc7zoqJ7Ln8FBaoV', 1, 3.1, '2025-04-01 01:23:27', 0, 2, 'ON_SALE'),
(11, 40703342241, '버거킹 와퍼세트 싸게 넘깁니다', '실사용 1도 없는 새상품입니다.', 4, '2025-06-20 01:23:27', 'https://ipfs.io/ipfs/QmeQdwdmjmVHGsvf7hGWMURQNiDJRHrezu4vv3if9YpFD1', 3, 5.3, '2025-03-19 01:23:27', 0, 3, 'ON_SALE'),
(12, 48583470139, '버거킹 와퍼세트 유통기한 넉넉해요', '급해서 싸게 올립니다. 먼저 연락 주시는 분께 드려요.', 3, '2025-08-03 01:23:27', 'https://ipfs.io/ipfs/QmeQdwdmjmVHGsvf7hGWMURQNiDJRHrezu4vv3if9YpFD1', 5, 5.6, '2025-02-19 01:23:27', 0, 3, 'SOLD'),
(13, 82571172557, '버거킹 와퍼세트 선물 받았는데 안 써서 팝니다', '가격 네고 가능하니 연락 주세요!', 1, '2025-06-11 01:23:27', 'https://ipfs.io/ipfs/QmeQdwdmjmVHGsvf7hGWMURQNiDJRHrezu4vv3if9YpFD1', 4, 7.0, '2025-02-08 01:23:27', 0, 3, 'ON_SALE'),
(14, 71649342945, '버거킹 와퍼세트 중고나라보다 싸게!', '유효기간 넉넉하고 상태 아주 좋아요.', 2, '2025-06-17 01:23:27', 'https://ipfs.io/ipfs/QmeQdwdmjmVHGsvf7hGWMURQNiDJRHrezu4vv3if9YpFD1', 5, 5.8, '2025-03-23 01:23:27', 0, 3, 'ON_SALE'),
(15, 49364870109, '버거킹 와퍼세트 판매합니다. 상태 좋아요', '필요하신 분께 저렴하게 양도합니다.', 5, '2025-09-21 01:23:27', 'https://ipfs.io/ipfs/QmeQdwdmjmVHGsvf7hGWMURQNiDJRHrezu4vv3if9YpFD1', 4, 4.9, '2025-03-02 01:23:27', 0, 3, 'SOLD'),
(16, 40703342241, 'GS25 도시락 판매합니다. 상태 좋아요', '중고나라보다 싸게 드립니다.', 3, '2025-04-23 01:23:27', 'https://ipfs.io/ipfs/QmRmKs3bPP6RRDd6gqHfxpAN9RYqGyouPopAKXiY6559Zk', 5, 3.5, '2025-03-02 01:23:27', 0, 4, 'ON_SALE'),
(17, 63879490508, 'GS25 도시락 지금 구매하면 득템!', '급해서 싸게 올립니다. 먼저 연락 주시는 분께 드려요.', 6, '2025-06-04 01:23:27', 'https://ipfs.io/ipfs/QmRmKs3bPP6RRDd6gqHfxpAN9RYqGyouPopAKXiY6559Zk', 1, 2.7, '2025-03-15 01:23:27', 0, 4, 'ON_SALE'),
(18, 17629247194, 'GS25 도시락 중고나라보다 싸게!', '선물용으로도 좋아요. 바로 사용 가능합니다.', 5, '2025-07-29 01:23:27', 'https://ipfs.io/ipfs/QmRmKs3bPP6RRDd6gqHfxpAN9RYqGyouPopAKXiY6559Zk', 0, 5.6, '2025-02-24 01:23:27', 0, 4, 'SOLD'),
(19, 89317671153, 'GS25 도시락 저렴하게 넘겨요', '안 쓰는 기프티콘이라 판매해요.', 1, '2025-07-07 01:23:27', 'https://ipfs.io/ipfs/QmRmKs3bPP6RRDd6gqHfxpAN9RYqGyouPopAKXiY6559Zk', 2, 5.8, '2025-03-05 01:23:27', 0, 4, 'ON_SALE'),
(20, 46674189197, 'GS25 도시락 필요하신 분 가져가세요', '유효기간 넉넉하고 상태 아주 좋아요.', 4, '2025-04-18 01:23:27', 'https://ipfs.io/ipfs/QmRmKs3bPP6RRDd6gqHfxpAN9RYqGyouPopAKXiY6559Zk', 1, 4.7, '2025-04-01 01:23:27', 0, 4, 'SOLD'),
(21, 69551362794, '치약 세트 유통기한 넉넉해요', '가격 네고 가능하니 연락 주세요!', 3, '2025-07-29 01:23:27', 'https://ipfs.io/ipfs/QmSS1Wuk4Bg9H3iRumcYmBXez3w5bAasJHnsX9VCCwnwQ8', 5, 6.0, '2025-03-27 01:23:27', 0, 5, 'ON_SALE'),
(22, 63635931987, '치약 세트 판매합니다. 상태 좋아요', '급해서 싸게 올립니다. 먼저 연락 주시는 분께 드려요.', 1, '2025-04-22 01:23:27', 'https://ipfs.io/ipfs/QmSS1Wuk4Bg9H3iRumcYmBXez3w5bAasJHnsX9VCCwnwQ8', 3, 2.7, '2025-02-22 01:23:27', 0, 5, 'SOLD'),
(23, 76413760695, '치약 세트 중고나라보다 싸게!', '필요하신 분께 저렴하게 양도합니다.', 4, '2025-08-15 01:23:27', 'https://ipfs.io/ipfs/QmSS1Wuk4Bg9H3iRumcYmBXez3w5bAasJHnsX9VCCwnwQ8', 1, 6.8, '2025-02-04 01:23:27', 0, 5, 'ON_SALE'),
(24, 86264111717, '치약 세트 급처분합니다', '가격 네고 가능하니 연락 주세요!', 4, '2025-05-11 01:23:27', 'https://ipfs.io/ipfs/QmSS1Wuk4Bg9H3iRumcYmBXez3w5bAasJHnsX9VCCwnwQ8', 5, 4.4, '2025-02-05 01:23:27', 0, 5, 'SOLD'),
(25, 57568160509, '치약 세트 정리합니다', '필요하신 분께 저렴하게 양도합니다.', 1, '2025-05-27 01:23:27', 'https://ipfs.io/ipfs/QmSS1Wuk4Bg9H3iRumcYmBXez3w5bAasJHnsX9VCCwnwQ8', 2, 6.9, '2025-02-17 01:23:27', 0, 5, 'ON_SALE'),
(26, 82171588568, '스타벅스 디저트세트 중고나라보다 싸게!', '필요하신 분께 저렴하게 양도합니다.', 5, '2025-08-11 01:23:27', 'https://ipfs.io/ipfs/QmVZYAYHQ2WL8qcxYsrbGv9sQzu7Ej2nKUeToqn2twiaS1', 1, 6.9, '2025-03-03 01:23:27', 0, 6, 'ON_SALE'),
(27, 22430292186, '스타벅스 디저트세트 저렴하게 넘겨요', '급해서 싸게 올립니다. 먼저 연락 주시는 분께 드려요.', 4, '2025-06-09 01:23:27', 'https://ipfs.io/ipfs/QmVZYAYHQ2WL8qcxYsrbGv9sQzu7Ej2nKUeToqn2twiaS1', 5, 6.7, '2025-03-24 01:23:27', 0, 6, 'SOLD'),
(28, 13472665950, '스타벅스 디저트세트 정리합니다', '필요하신 분께 저렴하게 양도합니다.', 1, '2025-09-18 01:23:27', 'https://ipfs.io/ipfs/QmVZYAYHQ2WL8qcxYsrbGv9sQzu7Ej2nKUeToqn2twiaS1', 2, 4.3, '2025-02-03 01:23:27', 0, 6, 'SOLD'),
(29, 53489215700, '스타벅스 디저트세트 필요하신 분 가져가세요', '안 쓰는 기프티콘이라 판매해요.', 5, '2025-06-20 01:23:27', 'https://ipfs.io/ipfs/QmVZYAYHQ2WL8qcxYsrbGv9sQzu7Ej2nKUeToqn2twiaS1', 3, 5.7, '2025-03-16 01:23:27', 0, 6, 'ON_SALE'),
(30, 46581124356, '스타벅스 디저트세트 판매합니다. 상태 좋아요', '사용 안 해서 판매합니다. 빠르게 가져가실 분!', 6, '2025-09-05 01:23:27', 'https://ipfs.io/ipfs/QmVZYAYHQ2WL8qcxYsrbGv9sQzu7Ej2nKUeToqn2twiaS1', 3, 4.8, '2025-03-12 01:23:27', 0, 6, 'ON_SALE'),
(31, 35912499292, '베스킨라빈스 파인트 정리합니다', '실사용 1도 없는 새상품입니다.', 2, '2025-06-24 01:23:27', 'https://ipfs.io/ipfs/image7.png', 3, 5.5, '2025-02-09 01:23:27', 0, 7, 'ON_SALE'),
(32, 11709221693, '베스킨라빈스 파인트 유통기한 넉넉해요', '실사용 1도 없는 새상품입니다.', 1, '2025-05-02 01:23:27', 'https://ipfs.io/ipfs/Qma8pwbPD9mVGodivdPQiCRVZXKN7Yid3sUtvFXcUaErTA', 0, 2.5, '2025-02-19 01:23:27', 0, 7, 'SOLD'),
(33, 69286426099, '베스킨라빈스 파인트 선물 받았는데 안 써서 팝니다', '중고나라보다 싸게 드립니다.', 6, '2025-09-26 01:23:27', 'https://ipfs.io/ipfs/Qma8pwbPD9mVGodivdPQiCRVZXKN7Yid3sUtvFXcUaErTA', 1, 6.0, '2025-03-29 01:23:27', 0, 7, 'ON_SALE'),
(34, 22552136006, '베스킨라빈스 파인트 저렴하게 넘겨요', '급해서 싸게 올립니다. 먼저 연락 주시는 분께 드려요.', 4, '2025-05-27 01:23:27', 'https://ipfs.io/ipfs/Qma8pwbPD9mVGodivdPQiCRVZXKN7Yid3sUtvFXcUaErTA', 3, 6.5, '2025-03-23 01:23:27', 0, 7, 'SOLD'),
(35, 66799949681, '베스킨라빈스 파인트 지금 구매하면 득템!', '필요하신 분께 저렴하게 양도합니다.', 4, '2025-09-22 01:23:27', 'https://ipfs.io/ipfs/Qma8pwbPD9mVGodivdPQiCRVZXKN7Yid3sUtvFXcUaErTA', 5, 2.1, '2025-02-26 01:23:27', 0, 7, 'ON_SALE'),
(36, 72156022852, '교촌치킨 콤보 급처분합니다', '필요하신 분께 저렴하게 양도합니다.', 2, '2025-08-13 01:23:27', 'https://ipfs.io/ipfs/QmRzseYdpSyArXTAQBbtaAerLiEQZfFyZjWYXqrgJ2xPfv', 5, 3.6, '2025-02-05 01:23:27', 0, 8, 'ON_SALE'),
(37, 33244138812, '교촌치킨 콤보 지금 구매하면 득템!', '유효기간 넉넉하고 상태 아주 좋아요.', 5, '2025-08-11 01:23:27', 'https://ipfs.io/ipfs/QmRzseYdpSyArXTAQBbtaAerLiEQZfFyZjWYXqrgJ2xPfv', 5, 4.5, '2025-02-13 01:23:27', 0, 8, 'ON_SALE'),
(38, 74517371321, '교촌치킨 콤보 중고나라보다 싸게!', '가격 네고 가능하니 연락 주세요!', 4, '2025-04-17 01:23:27', 'https://ipfs.io/ipfs/QmRzseYdpSyArXTAQBbtaAerLiEQZfFyZjWYXqrgJ2xPfv', 5, 6.9, '2025-03-08 01:23:27', 0, 8, 'ON_SALE'),
(39, 92866169710, '교촌치킨 콤보 필요하신 분 가져가세요', '사용 안 해서 판매합니다. 빠르게 가져가실 분!', 6, '2025-08-09 01:23:27', 'https://ipfs.io/ipfs/QmRzseYdpSyArXTAQBbtaAerLiEQZfFyZjWYXqrgJ2xPfv', 3, 2.8, '2025-04-01 01:23:27', 0, 8, 'SOLD'),
(40, 94983382590, '교촌치킨 콤보 유통기한 넉넉해요', '유효기간 넉넉하고 상태 아주 좋아요.', 2, '2025-06-30 01:23:27', 'https://ipfs.io/ipfs/QmRzseYdpSyArXTAQBbtaAerLiEQZfFyZjWYXqrgJ2xPfv', 4, 3.7, '2025-03-03 01:23:27', 0, 8, 'ON_SALE'),
(41, 23787451050, '맥도날드 상하이버거세트 유통기한 넉넉해요', '안 쓰는 기프티콘이라 판매해요.', 6, '2025-04-30 01:23:27', 'https://ipfs.io/ipfs/QmS9hQykA398uQKUJF3Frkp6L7N7DDT4hhEL4rnSg7RkL9', 2, 6.6, '2025-03-13 01:23:27', 0, 9, 'ON_SALE'),
(42, 28848107778, '맥도날드 상하이버거세트 지금 구매하면 득템!', '필요하신 분께 저렴하게 양도합니다.', 6, '2025-06-30 01:23:27', 'https://ipfs.io/ipfs/QmS9hQykA398uQKUJF3Frkp6L7N7DDT4hhEL4rnSg7RkL9', 4, 4.5, '2025-03-15 01:23:27', 0, 9, 'ON_SALE'),
(43, 44095208247, '맥도날드 상하이버거세트 저렴하게 넘겨요', '필요하신 분께 저렴하게 양도합니다.', 6, '2025-07-05 01:23:27', 'https://ipfs.io/ipfs/QmS9hQykA398uQKUJF3Frkp6L7N7DDT4hhEL4rnSg7RkL9', 3, 6.6, '2025-03-27 01:23:27', 0, 9, 'ON_SALE'),
(44, 10917783025, '맥도날드 상하이버거세트 급처분합니다', '가격 네고 가능하니 연락 주세요!', 3, '2025-07-16 01:23:27', 'https://ipfs.io/ipfs/QmS9hQykA398uQKUJF3Frkp6L7N7DDT4hhEL4rnSg7RkL9', 1, 6.3, '2025-03-02 01:23:27', 0, 9, 'ON_SALE'),
(45, 62002735884, '맥도날드 상하이버거세트 판매합니다. 상태 좋아요', '유효기간 넉넉하고 상태 아주 좋아요.', 2, '2025-08-11 01:23:27', 'https://ipfs.io/ipfs/QmS9hQykA398uQKUJF3Frkp6L7N7DDT4hhEL4rnSg7RkL9', 3, 4.8, '2025-03-03 01:23:27', 0, 9, 'ON_SALE'),
(46, 69914671350, 'BBQ 레토르트치킨 선물 받았는데 안 써서 팝니다', '급해서 싸게 올립니다. 먼저 연락 주시는 분께 드려요.', 2, '2025-04-22 01:23:27', 'https://ipfs.io/ipfs/QmTkyg98n9LtVPjCq1Yqipud1jSCVBd1UH7aGcCgxZf4ZY', 1, 2.8, '2025-04-01 01:23:27', 0, 10, 'SOLD'),
(47, 40688809515, 'BBQ 레토르트치킨 급처분합니다', '중고나라보다 싸게 드립니다.', 1, '2025-07-20 01:23:27', 'https://ipfs.io/ipfs/QmTkyg98n9LtVPjCq1Yqipud1jSCVBd1UH7aGcCgxZf4ZY', 5, 6.5, '2025-02-13 01:23:27', 0, 10, 'SOLD'),
(48, 90562522660, 'BBQ 레토르트치킨 판매합니다. 상태 좋아요', '선물용으로도 좋아요. 바로 사용 가능합니다.', 3, '2025-09-09 01:23:27', 'https://ipfs.io/ipfs/QmTkyg98n9LtVPjCq1Yqipud1jSCVBd1UH7aGcCgxZf4ZY', 3, 2.2, '2025-02-11 01:23:27', 0, 10, 'ON_SALE'),
(49, 56884286742, 'BBQ 레토르트치킨 필요하신 분 가져가세요', '급해서 싸게 올립니다. 먼저 연락 주시는 분께 드려요.', 3, '2025-08-15 01:23:27', 'https://ipfs.io/ipfs/QmTkyg98n9LtVPjCq1Yqipud1jSCVBd1UH7aGcCgxZf4ZY', 5, 4.4, '2025-03-31 01:23:27', 0, 10, 'ON_SALE'),
(50, 71268608560, 'BBQ 레토르트치킨 싸게 넘깁니다', '중고나라보다 싸게 드립니다.', 2, '2025-05-30 01:23:27', 'https://ipfs.io/ipfs/QmTkyg98n9LtVPjCq1Yqipud1jSCVBd1UH7aGcCgxZf4ZY', 1, 6.1, '2025-02-19 01:23:27', 0, 10, 'ON_SALE'),
(51, 62174186653, '굽네 순살치킨 싸게 넘깁니다', '급해서 싸게 올립니다. 먼저 연락 주시는 분께 드려요.', 5, '2025-07-16 01:23:27', 'https://ipfs.io/ipfs/QmTZr6XBCo6xZdAMCSy1TMv5HdngosczJEgpxksBRorDnC', 5, 4.9, '2025-03-17 01:23:27', 0, 11, 'ON_SALE'),
(52, 83900126192, '굽네 순살치킨 지금 구매하면 득템!', '유효기간 넉넉하고 상태 아주 좋아요.', 2, '2025-04-21 01:23:27', 'https://ipfs.io/ipfs/QmTZr6XBCo6xZdAMCSy1TMv5HdngosczJEgpxksBRorDnC', 2, 5.7, '2025-02-12 01:23:27', 0, 11, 'ON_SALE'),
(53, 82368844324, '굽네 순살치킨 필요하신 분 가져가세요', '중고나라보다 싸게 드립니다.', 3, '2025-09-10 01:23:27', 'https://ipfs.io/ipfs/QmTZr6XBCo6xZdAMCSy1TMv5HdngosczJEgpxksBRorDnC', 4, 4.6, '2025-04-01 01:23:27', 0, 11, 'SOLD'),
(54, 74582728405, '굽네 순살치킨 유통기한 넉넉해요', '오늘 안에 가져가실 분만 연락 주세요!', 1, '2025-05-20 01:23:27', 'https://ipfs.io/ipfs/QmTZr6XBCo6xZdAMCSy1TMv5HdngosczJEgpxksBRorDnC', 5, 3.1, '2025-03-06 01:23:27', 0, 11, 'SOLD'),
(55, 29558423725, '굽네 순살치킨 선물 받았는데 안 써서 팝니다', '실사용 1도 없는 새상품입니다.', 6, '2025-05-03 01:23:27', 'https://ipfs.io/ipfs/QmTZr6XBCo6xZdAMCSy1TMv5HdngosczJEgpxksBRorDnC', 4, 3.5, '2025-03-17 01:23:27', 0, 11, 'SOLD'),
(56, 31038902422, '파리바게뜨 파운드케이크 정리합니다', '실사용 1도 없는 새상품입니다.', 6, '2025-05-21 01:23:27', 'https://ipfs.io/ipfs/QmQTbdHf1zVfxog2UxjtWxfQ9yLAMeLzQCaPfY6AFDFq3y', 2, 5.1, '2025-03-12 01:23:27', 0, 12, 'SOLD'),
(57, 23183901037, '파리바게뜨 파운드케이크 필요하신 분 가져가세요', '실사용 1도 없는 새상품입니다.', 1, '2025-09-07 01:23:27', 'https://ipfs.io/ipfs/QmQTbdHf1zVfxog2UxjtWxfQ9yLAMeLzQCaPfY6AFDFq3y', 0, 6.9, '2025-03-20 01:23:27', 0, 12, 'SOLD'),
(58, 14546486846, '파리바게뜨 파운드케이크 저렴하게 넘겨요', '오늘 안에 가져가실 분만 연락 주세요!', 2, '2025-07-29 01:23:27', 'https://ipfs.io/ipfs/QmQTbdHf1zVfxog2UxjtWxfQ9yLAMeLzQCaPfY6AFDFq3y', 2, 4.1, '2025-02-18 01:23:27', 0, 12, 'SOLD'),
(59, 42209129349, '파리바게뜨 파운드케이크 선물 받았는데 안 써서 팝니다', '유효기간 넉넉하고 상태 아주 좋아요.', 6, '2025-07-04 01:23:27', 'https://ipfs.io/ipfs/QmQTbdHf1zVfxog2UxjtWxfQ9yLAMeLzQCaPfY6AFDFq3y', 0, 2.8, '2025-03-30 01:23:27', 0, 12, 'ON_SALE'),
(60, 78857330446, '파리바게뜨 파운드케이크 지금 구매하면 득템!', '필요하신 분께 저렴하게 양도합니다.', 2, '2025-08-02 01:23:27', 'https://ipfs.io/ipfs/QmQTbdHf1zVfxog2UxjtWxfQ9yLAMeLzQCaPfY6AFDFq3y', 5, 4.6, '2025-02-15 01:23:27', 0, 12, 'SOLD'),
(61, 28037815364, '뚜레쥬르 조각케이크 선물 받았는데 안 써서 팝니다', '유효기간 넉넉하고 상태 아주 좋아요.', 1, '2025-08-01 01:23:27', 'https://ipfs.io/ipfs/Qmbh7co4MjxsXvJFeXwop65dxq76YRdFfd6uaVCBCtEez6', 4, 2.4, '2025-03-12 01:23:27', 0, 13, 'ON_SALE'),
(62, 31955935797, '뚜레쥬르 조각케이크 저렴하게 넘겨요', '중고나라보다 싸게 드립니다.', 6, '2025-07-05 01:23:27', 'https://ipfs.io/ipfs/Qmbh7co4MjxsXvJFeXwop65dxq76YRdFfd6uaVCBCtEez6', 2, 5.8, '2025-03-08 01:23:27', 0, 13, 'SOLD'),
(63, 78105083043, '뚜레쥬르 조각케이크 급처분합니다', '중고나라보다 싸게 드립니다.', 1, '2025-05-22 01:23:27', 'https://ipfs.io/ipfs/Qmbh7co4MjxsXvJFeXwop65dxq76YRdFfd6uaVCBCtEez6', 3, 3.3, '2025-03-04 01:23:27', 0, 13, 'SOLD'),
(64, 58704542601, '뚜레쥬르 조각케이크 정리합니다', '중고나라보다 싸게 드립니다.', 2, '2025-09-03 01:23:27', 'https://ipfs.io/ipfs/Qmbh7co4MjxsXvJFeXwop65dxq76YRdFfd6uaVCBCtEez6', 4, 2.1, '2025-03-07 01:23:27', 0, 13, 'ON_SALE'),
(65, 46028901501, '뚜레쥬르 조각케이크 지금 구매하면 득템!', '실사용 1도 없는 새상품입니다.', 3, '2025-04-14 01:23:27', 'https://ipfs.io/ipfs/Qmbh7co4MjxsXvJFeXwop65dxq76YRdFfd6uaVCBCtEez6', 5, 4.8, '2025-03-02 01:23:27', 0, 13, 'SOLD'),
(66, 71921160540, '교보문고 1만원 상품권 정리합니다', '가격 네고 가능하니 연락 주세요!', 1, '2025-06-28 01:23:27', 'https://ipfs.io/ipfs/QmVEejBTHzPDn8h7zG41KcGJcTST8Gd9tHgemZYqCCio5u', 5, 6.3, '2025-03-05 01:23:27', 0, 14, 'ON_SALE'),
(67, 73341617470, '교보문고 1만원 상품권 급처분합니다', '안 쓰는 기프티콘이라 판매해요.', 3, '2025-07-09 01:23:27', 'https://ipfs.io/ipfs/QmVEejBTHzPDn8h7zG41KcGJcTST8Gd9tHgemZYqCCio5u', 0, 4.4, '2025-02-21 01:23:27', 0, 14, 'ON_SALE'),
(68, 79559340365, '교보문고 1만원 상품권 싸게 넘깁니다', '사용 안 해서 판매합니다. 빠르게 가져가실 분!', 5, '2025-08-24 01:23:27', 'https://ipfs.io/ipfs/QmVEejBTHzPDn8h7zG41KcGJcTST8Gd9tHgemZYqCCio5u', 5, 2.3, '2025-02-03 01:23:27', 0, 14, 'SOLD'),
(69, 33758987797, '교보문고 1만원 상품권 판매합니다. 상태 좋아요', '가격 네고 가능하니 연락 주세요!', 6, '2025-04-17 01:23:27', 'https://ipfs.io/ipfs/QmVEejBTHzPDn8h7zG41KcGJcTST8Gd9tHgemZYqCCio5u', 2, 3.7, '2025-02-20 01:23:27', 0, 14, 'SOLD'),
(70, 92448577339, '교보문고 1만원 상품권 저렴하게 넘겨요', '선물용으로도 좋아요. 바로 사용 가능합니다.', 4, '2025-07-19 01:23:27', 'https://ipfs.io/ipfs/QmVEejBTHzPDn8h7zG41KcGJcTST8Gd9tHgemZYqCCio5u', 1, 4.0, '2025-02-08 01:23:27', 0, 14, 'ON_SALE'),
(71, 21929093218, '투썸 스트로베리 초코 생크림 판매합니다. 상태 좋아요', '필요하신 분께 저렴하게 양도합니다.', 3, '2025-06-14 01:23:27', 'https://ipfs.io/ipfs/QmQ5uacfdTsX1itsbkmb3HndZV3oMRZMuuWThRG4WzGYMv', 2, 6.0, '2025-02-25 01:23:27', 0, 15, 'SOLD'),
(72, 34536963501, '투썸 스트로베리 초코 생크림 저렴하게 넘겨요', '사용 안 해서 판매합니다. 빠르게 가져가실 분!', 2, '2025-05-05 01:23:27', 'https://ipfs.io/ipfs/QmQ5uacfdTsX1itsbkmb3HndZV3oMRZMuuWThRG4WzGYMv', 4, 4.6, '2025-02-25 01:23:27', 0, 15, 'ON_SALE'),
(73, 17843321430, '투썸 스트로베리 초코 생크림 싸게 넘깁니다', '가격 네고 가능하니 연락 주세요!', 5, '2025-05-20 01:23:27', 'https://ipfs.io/ipfs/QmQ5uacfdTsX1itsbkmb3HndZV3oMRZMuuWThRG4WzGYMv', 5, 6.3, '2025-03-09 01:23:27', 0, 15, 'ON_SALE'),
(74, 87400447875, '투썸 스트로베리 초코 생크림 선물 받았는데 안 써서 팝니다', '급해서 싸게 올립니다. 먼저 연락 주시는 분께 드려요.', 5, '2025-06-09 01:23:27', 'https://ipfs.io/ipfs/QmQ5uacfdTsX1itsbkmb3HndZV3oMRZMuuWThRG4WzGYMv', 1, 6.7, '2025-02-26 01:23:27', 0, 15, 'ON_SALE'),
(75, 78546453284, '투썸 스트로베리 초코 생크림 중고나라보다 싸게!', '오늘 안에 가져가실 분만 연락 주세요!', 6, '2025-09-16 01:23:27', 'https://ipfs.io/ipfs/QmQ5uacfdTsX1itsbkmb3HndZV3oMRZMuuWThRG4WzGYMv', 2, 4.5, '2025-03-31 01:23:27', 0, 15, 'ON_SALE'),
(76, 99884073142, 'CGV 영화티켓 지금 구매하면 득템!', '사용 안 해서 판매합니다. 빠르게 가져가실 분!', 1, '2025-07-10 01:23:27', 'https://ipfs.io/ipfs/QmUsR2Q7fhVBdE3qBuD1XAEvnD3cL5M3PyhzoSnoyCcDUD', 2, 5.4, '2025-02-10 01:23:27', 0, 16, 'SOLD'),
(77, 76862336108, 'CGV 영화티켓 급처분합니다', '중고나라보다 싸게 드립니다.', 1, '2025-04-23 01:23:27', 'https://ipfs.io/ipfs/QmUsR2Q7fhVBdE3qBuD1XAEvnD3cL5M3PyhzoSnoyCcDUD', 5, 6.8, '2025-03-01 01:23:27', 0, 16, 'SOLD'),
(78, 89930049719, 'CGV 영화티켓 판매합니다. 상태 좋아요', '급해서 싸게 올립니다. 먼저 연락 주시는 분께 드려요.', 6, '2025-08-23 01:23:27', 'https://ipfs.io/ipfs/QmUsR2Q7fhVBdE3qBuD1XAEvnD3cL5M3PyhzoSnoyCcDUD', 4, 3.1, '2025-02-03 01:23:27', 0, 16, 'SOLD'),
(79, 42212069329, 'CGV 영화티켓 정리합니다', '실사용 1도 없는 새상품입니다.', 2, '2025-07-16 01:23:27', 'https://ipfs.io/ipfs/QmUsR2Q7fhVBdE3qBuD1XAEvnD3cL5M3PyhzoSnoyCcDUD', 0, 4.1, '2025-02-05 01:23:27', 0, 16, 'ON_SALE'),
(80, 82078006469, 'CGV 영화티켓 유통기한 넉넉해요', '가격 네고 가능하니 연락 주세요!', 2, '2025-06-09 01:23:27', 'https://ipfs.io/ipfs/QmUsR2Q7fhVBdE3qBuD1XAEvnD3cL5M3PyhzoSnoyCcDUD', 4, 5.7, '2025-03-19 01:23:27', 0, 16, 'SOLD');

-- 6. likes
INSERT INTO likes (like_id, articles_id, user_id) VALUES
(1, 1, 4),
(2, 2, 4),
(3, 2, 2),
(4, 2, 5),
(5, 2, 3),
(6, 2, 1),
(7, 3, 6),
(8, 4, 6),
(9, 4, 4),
(10, 4, 2),
(11, 4, 5),
(12, 4, 3),
(13, 5, 4),
(14, 6, 6),
(15, 6, 3),
(16, 6, 5),
(17, 6, 4),
(18, 6, 2),
(19, 7, 2),
(20, 7, 1),
(21, 7, 6),
(22, 8, 6),
(23, 8, 5),
(24, 8, 2),
(25, 8, 4),
(26, 9, 5),
(27, 9, 3),
(28, 9, 4),
(29, 10, 5),
(30, 11, 3),
(31, 11, 1),
(32, 11, 4),
(33, 12, 5),
(34, 12, 6),
(35, 12, 1),
(36, 12, 3),
(37, 12, 4),
(38, 13, 3),
(39, 13, 5),
(40, 13, 6),
(41, 13, 2),
(42, 14, 2),
(43, 14, 1),
(44, 14, 6),
(45, 14, 5),
(46, 14, 3),
(47, 15, 3),
(48, 15, 4),
(49, 15, 5),
(50, 15, 1),
(51, 16, 2),
(52, 16, 6),
(53, 16, 5),
(54, 16, 4),
(55, 16, 1),
(56, 17, 4),
(57, 19, 2),
(58, 19, 4),
(59, 20, 3),
(60, 21, 6),
(61, 21, 1),
(62, 21, 2),
(63, 21, 3),
(64, 21, 5),
(65, 22, 1),
(66, 22, 4),
(67, 22, 3),
(68, 23, 1),
(69, 24, 2),
(70, 24, 3),
(71, 24, 1),
(72, 24, 4),
(73, 24, 5),
(74, 25, 1),
(75, 25, 4),
(76, 26, 4),
(77, 27, 2),
(78, 27, 4),
(79, 27, 5),
(80, 27, 6),
(81, 27, 1),
(82, 28, 2),
(83, 28, 3),
(84, 29, 2),
(85, 29, 3),
(86, 29, 6),
(87, 30, 4),
(88, 30, 2),
(89, 30, 3),
(90, 31, 3),
(91, 31, 2),
(92, 31, 4),
(93, 33, 5),
(94, 34, 1),
(95, 34, 2),
(96, 34, 5),
(97, 35, 5),
(98, 35, 2),
(99, 35, 6),
(100, 35, 4),
(101, 35, 3),
(102, 36, 2),
(103, 36, 3),
(104, 36, 6),
(105, 36, 1),
(106, 36, 4),
(107, 37, 3),
(108, 37, 6),
(109, 37, 1),
(110, 37, 5),
(111, 37, 2),
(112, 38, 4),
(113, 38, 5),
(114, 38, 1),
(115, 38, 6),
(116, 38, 3),
(117, 39, 1),
(118, 39, 4),
(119, 39, 5),
(120, 40, 3),
(121, 40, 4),
(122, 40, 1),
(123, 40, 6),
(124, 41, 5),
(125, 41, 2),
(126, 42, 5),
(127, 42, 4),
(128, 42, 3),
(129, 42, 1),
(130, 43, 5),
(131, 43, 3),
(132, 43, 1),
(133, 44, 1),
(134, 45, 4),
(135, 45, 5),
(136, 45, 6),
(137, 46, 2),
(138, 47, 4),
(139, 47, 5),
(140, 47, 3),
(141, 47, 2),
(142, 47, 6),
(143, 48, 1),
(144, 48, 6),
(145, 48, 3),
(146, 49, 4),
(147, 49, 1),
(148, 49, 6),
(149, 49, 2),
(150, 49, 5),
(151, 50, 5),
(152, 51, 3),
(153, 51, 4),
(154, 51, 1),
(155, 51, 2),
(156, 51, 5),
(157, 52, 5),
(158, 52, 3),
(159, 53, 5),
(160, 53, 6),
(161, 53, 4),
(162, 53, 2),
(163, 54, 3),
(164, 54, 4),
(165, 54, 5),
(166, 54, 1),
(167, 54, 2),
(168, 55, 4),
(169, 55, 3),
(170, 55, 2),
(171, 55, 5),
(172, 56, 3),
(173, 56, 1),
(174, 58, 2),
(175, 58, 6),
(176, 60, 6),
(177, 60, 1),
(178, 60, 2),
(179, 60, 5),
(180, 60, 4),
(181, 61, 3),
(182, 61, 4),
(183, 61, 6),
(184, 61, 5),
(185, 62, 5),
(186, 62, 1),
(187, 63, 2),
(188, 63, 4),
(189, 63, 1),
(190, 64, 1),
(191, 64, 2),
(192, 64, 3),
(193, 64, 6),
(194, 65, 4),
(195, 65, 6),
(196, 65, 5),
(197, 65, 1),
(198, 65, 2),
(199, 66, 4),
(200, 66, 3),
(201, 66, 6),
(202, 66, 5),
(203, 66, 1),
(204, 68, 1),
(205, 68, 3),
(206, 68, 5),
(207, 68, 2),
(208, 68, 4),
(209, 69, 1),
(210, 69, 5),
(211, 70, 3),
(212, 71, 4),
(213, 71, 1),
(214, 72, 4),
(215, 72, 2),
(216, 72, 6),
(217, 72, 3),
(218, 73, 5),
(219, 73, 1),
(220, 73, 6),
(221, 73, 3),
(222, 73, 2),
(223, 74, 2),
(224, 75, 1),
(225, 75, 2),
(226, 76, 2),
(227, 76, 4),
(228, 77, 1),
(229, 77, 6),
(230, 77, 2),
(231, 77, 3),
(232, 77, 4),
(233, 78, 1),
(234, 78, 3),
(235, 78, 4),
(236, 78, 6),
(237, 80, 1),
(238, 80, 4),
(239, 80, 5),
(240, 80, 3);


-- 7. article_histories
INSERT INTO article_histories (article_history_id, created_at, history_type, user_id, article_id) VALUES
(1, '2025-03-04 01:23:27', 1, 4, 1),
(2, '2025-02-15 01:23:27', 2, 4, 2),
(3, '2025-04-03 01:23:27', 1, 1, 3),
(4, '2025-03-19 01:23:27', 2, 3, 4),
(5, '2025-03-22 01:23:27', 2, 2, 5),
(6, '2025-02-16 01:23:27', 2, 4, 6),
(7, '2025-03-09 01:23:27', 1, 4, 7),
(8, '2025-03-28 01:23:27', 2, 2, 8),
(9, '2025-03-07 01:23:27', 1, 3, 9),
(10, '2025-04-03 01:23:27', 1, 1, 10),
(11, '2025-03-28 01:23:27', 0, 4, 11),
(12, '2025-02-23 01:23:27', 2, 3, 12),
(13, '2025-02-16 01:23:27', 0, 1, 13),
(14, '2025-03-29 01:23:27', 1, 2, 14),
(15, '2025-03-05 01:23:27', 2, 5, 15),
(16, '2025-03-05 01:23:27', 0, 3, 16),
(17, '2025-03-24 01:23:27', 0, 6, 17),
(18, '2025-02-26 01:23:27', 2, 5, 18),
(19, '2025-03-13 01:23:27', 1, 1, 19),
(20, '2025-04-10 01:23:27', 2, 4, 20),
(21, '2025-04-05 01:23:27', 1, 3, 21),
(22, '2025-02-28 01:23:27', 2, 1, 22),
(23, '2025-02-09 01:23:27', 0, 4, 23),
(24, '2025-02-08 01:23:27', 2, 4, 24),
(25, '2025-02-24 01:23:27', 1, 1, 25),
(26, '2025-03-04 01:23:27', 1, 5, 26),
(27, '2025-04-01 01:23:27', 2, 4, 27),
(28, '2025-02-11 01:23:27', 2, 1, 28),
(29, '2025-03-21 01:23:27', 1, 5, 29),
(30, '2025-03-22 01:23:27', 0, 6, 30),
(31, '2025-02-12 01:23:27', 0, 2, 31),
(32, '2025-02-26 01:23:27', 2, 1, 32),
(33, '2025-03-30 01:23:27', 0, 6, 33),
(34, '2025-03-31 01:23:27', 2, 4, 34),
(35, '2025-03-04 01:23:27', 0, 4, 35),
(36, '2025-02-08 01:23:27', 1, 2, 36),
(37, '2025-02-14 01:23:27', 1, 5, 37),
(38, '2025-03-14 01:23:27', 0, 4, 38),
(39, '2025-04-05 01:23:27', 2, 6, 39),
(40, '2025-03-08 01:23:27', 0, 2, 40),
(41, '2025-03-23 01:23:27', 0, 6, 41),
(42, '2025-03-16 01:23:27', 0, 6, 42),
(43, '2025-03-30 01:23:27', 1, 6, 43),
(44, '2025-03-10 01:23:27', 0, 3, 44),
(45, '2025-03-05 01:23:27', 1, 2, 45),
(46, '2025-04-09 01:23:27', 2, 2, 46),
(47, '2025-02-23 01:23:27', 2, 1, 47),
(48, '2025-02-14 01:23:27', 0, 3, 48),
(49, '2025-04-10 01:23:27', 1, 3, 49),
(50, '2025-02-28 01:23:27', 0, 2, 50),
(51, '2025-03-23 01:23:27', 0, 5, 51),
(52, '2025-02-15 01:23:27', 1, 2, 52),
(53, '2025-04-08 01:23:27', 2, 3, 53),
(54, '2025-03-07 01:23:27', 2, 1, 54),
(55, '2025-03-26 01:23:27', 2, 6, 55),
(56, '2025-03-13 01:23:27', 2, 6, 56),
(57, '2025-03-29 01:23:27', 2, 1, 57),
(58, '2025-02-23 01:23:27', 2, 2, 58),
(59, '2025-04-02 01:23:27', 1, 6, 59),
(60, '2025-02-22 01:23:27', 2, 2, 60),
(61, '2025-03-21 01:23:27', 0, 1, 61),
(62, '2025-03-13 01:23:27', 2, 6, 62),
(63, '2025-03-14 01:23:27', 2, 1, 63),
(64, '2025-03-16 01:23:27', 0, 2, 64),
(65, '2025-03-10 01:23:27', 2, 3, 65),
(66, '2025-03-13 01:23:27', 1, 1, 66),
(67, '2025-02-22 01:23:27', 0, 3, 67),
(68, '2025-02-09 01:23:27', 2, 5, 68),
(69, '2025-03-02 01:23:27', 2, 6, 69),
(70, '2025-02-11 01:23:27', 0, 4, 70),
(71, '2025-03-07 01:23:27', 2, 3, 71),
(72, '2025-02-27 01:23:27', 1, 2, 72),
(73, '2025-03-19 01:23:27', 0, 5, 73),
(74, '2025-03-07 01:23:27', 0, 5, 74),
(75, '2025-04-05 01:23:27', 0, 6, 75),
(76, '2025-02-20 01:23:27', 2, 1, 76),
(77, '2025-03-08 01:23:27', 2, 1, 77),
(78, '2025-02-12 01:23:27', 2, 6, 78),
(79, '2025-02-07 01:23:27', 1, 2, 79),
(80, '2025-03-26 01:23:27', 2, 2, 80);


-- 8. gift_histories (JPA 기준에 맞춘 형태)
INSERT INTO gift_histories (gift_history_id, created_at, mongo_id, from_user_id, to_user_kakao_id, to_user_id, gifticon_id, is_received) VALUES
(1, '2025-04-01 01:23:27', '67e9ec3fd3a3cc57d310c184', 2, 5, NULL, 1, 0),
(2, '2025-04-02 01:23:27', '67e9ec3fd3a3cc57d310c184', 5, 6, 6, 1, 1),
(3, '2025-04-02 01:23:27', '67e9e525d3a3cc57d310c183', 4, 6, 6, 1, 1),
(4, '2025-03-31 01:23:27', '67e9ec3fd3a3cc57d310c184', 2, 1, 1, 2, 1),
(5, '2025-04-02 01:23:27', '67e9e4c7d3a3cc57d310c181', 5, 2, NULL, 2, 0),
(6, '2025-04-03 01:23:27', '67e9e4c7d3a3cc57d310c181', 1, 4, NULL, 3, 0),
(7, '2025-04-01 01:23:27', '67e9e4c7d3a3cc57d310c181', 3, 5, 5, 3, 1),
(8, '2025-03-30 01:23:27', '67e9ec3fd3a3cc57d310c184', 4, 2, 2, 4, 1),
(9, '2025-04-02 01:23:27', '67e9e525d3a3cc57d310c183', 5, 1, 1, 4, 1),
(10, '2025-04-01 01:23:27', '67e9f3b0d3a3cc57d310c187', 6, 4, NULL, 5, 0),
(11, '2025-04-01 01:23:27', '67e9e525d3a3cc57d310c183', 3, 4, 4, 5, 1),
(12, '2025-04-03 01:23:27', '67e9e4c7d3a3cc57d310c181', 1, 4, NULL, 6, 0),
(13, '2025-04-02 01:23:27', '67e9f3b0d3a3cc57d310c187', 6, 4, 4, 6, 1),
(14, '2025-03-30 01:23:27', '67e9e4d5d3a3cc57d310c182', 1, 6, 6, 7, 1),
(15, '2025-04-02 01:23:27', '67e9e4c7d3a3cc57d310c181', 4, 3, NULL, 7, 0),
(16, '2025-03-30 01:23:27', '67e9e4d5d3a3cc57d310c182', 3, 1, 1, 8, 1),
(17, '2025-04-01 01:23:27', '67e9f2c2d3a3cc57d310c186', 6, 2, 2, 10, 1),
(18, '2025-04-01 01:23:27', '67e9e525d3a3cc57d310c183', 1, 5, 5, 10, 1),
(19, '2025-04-02 01:23:27', '67e9e4c7d3a3cc57d310c181', 2, 3, NULL, 11, 0),
(20, '2025-03-30 01:23:27', '67e9e525d3a3cc57d310c183', 3, 4, NULL, 11, 0),
(21, '2025-04-01 01:23:27', '67e9e525d3a3cc57d310c183', 2, 3, 3, 11, 1),
(22, '2025-03-31 01:23:27', '67e9f099d3a3cc57d310c185', 4, 1, 1, 12, 1),
(23, '2025-04-01 01:23:27', '67e9e4c7d3a3cc57d310c181', 4, 3, 3, 12, 1),
(24, '2025-04-03 01:23:27', '67e9f3b0d3a3cc57d310c187', 2, 3, NULL, 12, 0),
(25, '2025-04-02 01:23:27', '67e9e525d3a3cc57d310c183', 5, 6, 6, 12, 1),
(26, '2025-03-30 01:23:27', '67e9e525d3a3cc57d310c183', 6, 4, 4, 13, 1),
(27, '2025-03-31 01:23:27', '67e9e4d5d3a3cc57d310c182', 2, 1, 1, 13, 1),
(28, '2025-04-03 01:23:27', '67e9e525d3a3cc57d310c183', 5, 3, 3, 13, 1),
(29, '2025-04-02 01:23:27', '67e9e4c7d3a3cc57d310c181', 4, 2, 2, 14, 1),
(30, '2025-03-31 01:23:27', '67e9e4c7d3a3cc57d310c181', 5, 6, NULL, 14, 0),
(31, '2025-04-02 01:23:27', '67e9e4c7d3a3cc57d310c181', 2, 6, NULL, 15, 0),
(32, '2025-04-01 01:23:27', '67e9e4d5d3a3cc57d310c182', 5, 1, NULL, 16, 0),
(33, '2025-04-03 01:23:27', '67e9ec3fd3a3cc57d310c184', 2, 6, 6, 16, 1),
(34, '2025-04-03 01:23:27', '67e9f2c2d3a3cc57d310c186', 1, 4, NULL, 16, 0),
(35, '2025-04-02 01:23:27', '67e9f099d3a3cc57d310c185', 1, 4, 4, 16, 1);


-- 9. used_histories (JPA 기준 반영)
INSERT INTO used_histories (used_history_id, tx_hash, serial_num, created_at, user_id, gifticon_id) VALUES
(1, '0xtxhash001', 100001, '2025-04-03 01:23:27', 5, 15),
(2, '0xtxhash002', 100002, '2025-04-01 01:23:27', 2, 2),
(3, '0xtxhash003', 100003, '2025-04-01 01:23:27', 3, 10),
(4, '0xtxhash004', 100004, '2025-04-03 01:23:27', 6, 14),
(5, '0xtxhash005', 100005, '2025-04-01 01:23:27', 1, 10);
